USE CAVH3

SELECT * FROM GESTION
DELETE  GESTION
INSERT INTO GESTION VALUES ('GES2012','2012','10/01/2012','20/12/2012');
INSERT INTO GESTION VALUES ('GES2013','2013','10/01/2013',NULL);
/*+++++++++++++++++++++ N I V E L +++++++++++++++++++++++++++*/

SELECT * FROM NIVEL

INSERT INTO NIVEL VALUES ('N-PRIM','PRIMARIO');
INSERT INTO NIVEL VALUES ('N-SEC','SECUNDARIO');

/*+++++++++++++++++++++ C U R S O +++++++++++++++++++++++++++*/

SELECT * FROM CURSO

  
/*+++++++++++++++++++++ P A R A L E L O++++++++++++++++++++++++++*/

SELECT * FROM PARALELO
DELETE PARALELO
--INSERT INTO PARALELO VALUES('1PRIM-A','PRIMERO DE PRIMARIA A',5,20,'1PRIM');
------INSERT INTO PARALELO VALUES ('1PRIM-A', 'PRIMERO DE PRIMARIA A',5,20, '1PRIM',2013 );
------INSERT INTO PARALELO VALUES ('1PRIM-B', 'PRIMERO DE PRIMARIA B',5,20, '1PRIM',2013);

------INSERT INTO PARALELO VALUES ('2PRIM-A', 'SEGUNDO DE PRIMARIA A',5,20, '2PRIM',2013 );
------INSERT INTO PARALELO VALUES ('2PRIM-B', 'SEGUNDO DE PRIMARIA B',5,20, '2PRIM',2013 );

------INSERT INTO PARALELO VALUES ('3PRIM-A', 'TERCERO DE PRIMARIA A',5,20, '3PRIM',2013 );
------INSERT INTO PARALELO VALUES ('3PRIM-B', 'TERCERO DE PRIMARIA B',5,20, '3PRIM',2013 );

------INSERT INTO PARALELO VALUES ('4PRIM-A', 'CUARTO DE PRIMARIA A',5,20, '4PRIM',2013 );
------INSERT INTO PARALELO VALUES ('4PRIM-B', 'CUARTO DE PRIMARIA B',5,20, '4PRIM' ,2013);

------INSERT INTO PARALELO VALUES ('5PRIM-A', 'QUINTO DE PRIMARIA A',5,20, '5PRIM',2013 );
------INSERT INTO PARALELO VALUES ('5PRIM-B', 'QUINTO DE PRIMARIA B',5,20, '5PRIM',2013 );

------INSERT INTO PARALELO VALUES ('6PRIM-A', 'SEXTO DE PRIMARIA A',5,20, '6PRIM',2013 );
------INSERT INTO PARALELO VALUES ('6PRIM-B', 'SEXTO DE PRIMARIA B',5,20, '6PRIM' ,2013);

------INSERT INTO PARALELO VALUES ('1SEC-A', 'PRIMERO DE SECUNDARIA A',5,20,'1SEC',2013 );
------INSERT INTO PARALELO VALUES ('1SEC-B', 'PRIMERO DE SECUNDARIA B',5,20,'1SEC',2013 );

------INSERT INTO PARALELO VALUES ('2SEC-A', 'SEGUNDO DE SECUNDARIA A' ,5,20,'2SEC',2013);
------INSERT INTO PARALELO VALUES ('2SEC-B', 'SEGUNDO DE SECUNDARIA B' ,5,20,'2SEC',2013);

------INSERT INTO PARALELO VALUES ('3SEC-A', 'TERCERO DE SECUNDARIA A',5,20,'3SEC' ,2013);
------INSERT INTO PARALELO VALUES ('3SEC-B', 'TERCERO DE SECUNDARIA B',5,20,'3SEC' ,2013);

------INSERT INTO PARALELO VALUES ('4SEC-A', 'CUARTO DE SECUNDARIA A',5,20,'4SEC',2013 );
------INSERT INTO PARALELO VALUES ('4SEC-B', 'CUARTO DE SECUNDARIA B',5,20,'4SEC' ,2013);

------INSERT INTO PARALELO VALUES ('5SEC-A', 'QUINTO DE SECUNDARIA A',5,20,'5SEC',2013 );
------INSERT INTO PARALELO VALUES ('5SEC-B', 'QUINTO DE SECUNDARIA B',5,20,'5SEC',2013 );

------INSERT INTO PARALELO VALUES ('6SEC-A', 'SEXTO DE SECUNDARIA A',5,20,'6SEC',2013 );
------INSERT INTO PARALELO VALUES ('6SEC-B', 'SEXTO DE SECUNDARIA B',5,20,'6SEC',2013 );

DELETE PARALELO

INSERT INTO PARALELO VALUES ('1PRIM-A', 'PRIMERO DE PRIMARIA A',0,20, '1PRIM','GES2013' );
INSERT INTO PARALELO VALUES ('1PRIM-B', 'PRIMERO DE PRIMARIA B',0,20, '1PRIM','GES2013');

INSERT INTO PARALELO VALUES ('2PRIM-A', 'SEGUNDO DE PRIMARIA A',0,20, '2PRIM','GES2013' );
INSERT INTO PARALELO VALUES ('2PRIM-B', 'SEGUNDO DE PRIMARIA B',0,20, '2PRIM','GES2013' );

INSERT INTO PARALELO VALUES ('3PRIM-A', 'TERCERO DE PRIMARIA A',0,20, '3PRIM','GES2013' );
INSERT INTO PARALELO VALUES ('3PRIM-B', 'TERCERO DE PRIMARIA B',0,20, '3PRIM','GES2013' );

INSERT INTO PARALELO VALUES ('4PRIM-A', 'CUARTO DE PRIMARIA A',0,20, '4PRIM','GES2013' );
INSERT INTO PARALELO VALUES ('4PRIM-B', 'CUARTO DE PRIMARIA B',0,20, '4PRIM' ,'GES2013');

INSERT INTO PARALELO VALUES ('5PRIM-A', 'QUINTO DE PRIMARIA A',0,20, '0PRIM','GES2013' );
INSERT INTO PARALELO VALUES ('5PRIM-B', 'QUINTO DE PRIMARIA B',0,20, '0PRIM','GES2013' );

INSERT INTO PARALELO VALUES ('6PRIM-A', 'SEXTO DE PRIMARIA A',0,20, '6PRIM','GES2013' );
INSERT INTO PARALELO VALUES ('6PRIM-B', 'SEXTO DE PRIMARIA B',0,20, '6PRIM' ,'GES2013');

INSERT INTO PARALELO VALUES ('1SEC-A', 'PRIMERO DE SECUNDARIA A',0,20,'1SEC','GES2013' );
INSERT INTO PARALELO VALUES ('1SEC-B', 'PRIMERO DE SECUNDARIA B',0,20,'1SEC','GES2013' );

INSERT INTO PARALELO VALUES ('2SEC-A', 'SEGUNDO DE SECUNDARIA A' ,0,20,'2SEC','GES2013');
INSERT INTO PARALELO VALUES ('2SEC-B', 'SEGUNDO DE SECUNDARIA B' ,0,20,'2SEC','GES2013');

INSERT INTO PARALELO VALUES ('3SEC-A', 'TERCERO DE SECUNDARIA A',0,20,'3SEC' ,'GES2013');
INSERT INTO PARALELO VALUES ('3SEC-B', 'TERCERO DE SECUNDARIA B',0,20,'3SEC' ,'GES2013');

INSERT INTO PARALELO VALUES ('4SEC-A', 'CUARTO DE SECUNDARIA A',0,20,'4SEC','GES2013');
INSERT INTO PARALELO VALUES ('4SEC-B', 'CUARTO DE SECUNDARIA B',0,20,'4SEC' ,'GES2013');

INSERT INTO PARALELO VALUES ('5SEC-A', 'QUINTO DE SECUNDARIA A',0,20,'0SEC','GES2013' );
INSERT INTO PARALELO VALUES ('5SEC-B', 'QUINTO DE SECUNDARIA B',0,20,'0SEC','GES2013' );

INSERT INTO PARALELO VALUES ('6SEC-A', 'SEXTO DE SECUNDARIA A',0,20,'6SEC','GES2013' );
INSERT INTO PARALELO VALUES ('6SEC-B', 'SEXTO DE SECUNDARIA B',0,20,'6SEC','GES2013' );

SELECT * FROM PARALELO

/*++++++++++++++        MATERIA        +++++++++++++++++++++*/
SELECT * FROM MATERIA

INSERT INTO MATERIA VALUES ('MAT','MATEMATICAS');
INSERT INTO MATERIA VALUES ('LEN','LENGUAJE');
INSERT INTO MATERIA VALUES ('CIE','CIENCIAS SOCIALES');
INSERT INTO MATERIA VALUES ('SOC','ESTUDIOS SOCIALES');
INSERT INTO MATERIA VALUES ('MUS','MUSICA');
INSERT INTO MATERIA VALUES ('ING','INGLES');
INSERT INTO MATERIA VALUES ('EDU','EDUCACION FISICA');
INSERT INTO MATERIA VALUES ('FIS','FISICA');
INSERT INTO MATERIA VALUES ('QUI','QUIMICA');
INSERT INTO MATERIA VALUES ('GEO','GEOGRAFIA');
INSERT INTO MATERIA VALUES ('HIS','HISTORIA');
INSERT INTO MATERIA VALUES ('LIT','LITERATURA');
INSERT INTO MATERIA VALUES ('REL','RELIGION');
INSERT INTO MATERIA VALUES ('ART','ARTES PLASTICAS');
INSERT INTO MATERIA VALUES ('BIO','BIOLOGIA');

/*+++++++++++++++++++++ MATERIA_CURSO +++++++++++++++++++++++++++*/
SELECT* FROM MATERIA_CURSO

---MATERIAS DE 1PRIM
INSERT INTO MATERIA_CURSO VALUES ('1PRIM','MAT');
INSERT INTO MATERIA_CURSO VALUES ('1PRIM','LEN');
INSERT INTO MATERIA_CURSO VALUES ('1PRIM','CIE');
INSERT INTO MATERIA_CURSO VALUES ('1PRIM','SOC');
INSERT INTO MATERIA_CURSO VALUES ('1PRIM','ING');
INSERT INTO MATERIA_CURSO VALUES ('1PRIM','MUS');
INSERT INTO MATERIA_CURSO VALUES ('1PRIM','EDU');
INSERT INTO MATERIA_CURSO VALUES ('1PRIM','REL');


INSERT INTO MATERIA_CURSO VALUES ('2PRIM','MAT');
INSERT INTO MATERIA_CURSO VALUES ('2PRIM','LEN');
INSERT INTO MATERIA_CURSO VALUES ('2PRIM','CIE');
INSERT INTO MATERIA_CURSO VALUES ('2PRIM','SOC');
INSERT INTO MATERIA_CURSO VALUES ('2PRIM','ING');
INSERT INTO MATERIA_CURSO VALUES ('2PRIM','MUS');
INSERT INTO MATERIA_CURSO VALUES ('2PRIM','EDU');
INSERT INTO MATERIA_CURSO VALUES ('2PRIM','REL');


INSERT INTO MATERIA_CURSO VALUES ('3PRIM','MAT');
INSERT INTO MATERIA_CURSO VALUES ('3PRIM','LEN');
INSERT INTO MATERIA_CURSO VALUES ('3PRIM','CIE');
INSERT INTO MATERIA_CURSO VALUES ('3PRIM','SOC');
INSERT INTO MATERIA_CURSO VALUES ('3PRIM','ING');
INSERT INTO MATERIA_CURSO VALUES ('3PRIM','MUS');
INSERT INTO MATERIA_CURSO VALUES ('3PRIM','EDU');
INSERT INTO MATERIA_CURSO VALUES ('3PRIM','REL');


INSERT INTO MATERIA_CURSO VALUES ('4PRIM','MAT');
INSERT INTO MATERIA_CURSO VALUES ('4PRIM','LEN');
INSERT INTO MATERIA_CURSO VALUES ('4PRIM','CIE');
INSERT INTO MATERIA_CURSO VALUES ('4PRIM','SOC');
INSERT INTO MATERIA_CURSO VALUES ('4PRIM','ING');
INSERT INTO MATERIA_CURSO VALUES ('4PRIM','MUS');
INSERT INTO MATERIA_CURSO VALUES ('4PRIM','EDU');
INSERT INTO MATERIA_CURSO VALUES ('4PRIM','REL');


INSERT INTO MATERIA_CURSO VALUES ('5PRIM','MAT');
INSERT INTO MATERIA_CURSO VALUES ('5PRIM','LEN');
INSERT INTO MATERIA_CURSO VALUES ('5PRIM','CIE');
INSERT INTO MATERIA_CURSO VALUES ('5PRIM','SOC');
INSERT INTO MATERIA_CURSO VALUES ('5PRIM','ING');
INSERT INTO MATERIA_CURSO VALUES ('5PRIM','MUS');
INSERT INTO MATERIA_CURSO VALUES ('5PRIM','EDU');
INSERT INTO MATERIA_CURSO VALUES ('5PRIM','REL');


INSERT INTO MATERIA_CURSO VALUES ('6PRIM','MAT');
INSERT INTO MATERIA_CURSO VALUES ('6PRIM','LEN');
INSERT INTO MATERIA_CURSO VALUES ('6PRIM','CIE');
INSERT INTO MATERIA_CURSO VALUES ('6PRIM','SOC');
INSERT INTO MATERIA_CURSO VALUES ('6PRIM','ING');
INSERT INTO MATERIA_CURSO VALUES ('6PRIM','MUS');
INSERT INTO MATERIA_CURSO VALUES ('6PRIM','EDU');
INSERT INTO MATERIA_CURSO VALUES ('6PRIM','REL');

INSERT INTO MATERIA_CURSO VALUES ('1SEC','MAT');
INSERT INTO MATERIA_CURSO VALUES ('1SEC','LIT');
INSERT INTO MATERIA_CURSO VALUES ('1SEC','HIS');
INSERT INTO MATERIA_CURSO VALUES ('1SEC','BIO');
INSERT INTO MATERIA_CURSO VALUES ('1SEC','QUI');
INSERT INTO MATERIA_CURSO VALUES ('1SEC','FIS');
INSERT INTO MATERIA_CURSO VALUES ('1SEC','ING');
INSERT INTO MATERIA_CURSO VALUES ('1SEC','ART');
INSERT INTO MATERIA_CURSO VALUES ('1SEC','MUS');
INSERT INTO MATERIA_CURSO VALUES ('1SEC','EDU');
INSERT INTO MATERIA_CURSO VALUES ('1SEC','GEO');
INSERT INTO MATERIA_CURSO VALUES ('1SEC','REL');

INSERT INTO MATERIA_CURSO VALUES ('2SEC','MAT');
INSERT INTO MATERIA_CURSO VALUES ('2SEC','LIT');
INSERT INTO MATERIA_CURSO VALUES ('2SEC','HIS');
INSERT INTO MATERIA_CURSO VALUES ('2SEC','BIO');
INSERT INTO MATERIA_CURSO VALUES ('2SEC','QUI');
INSERT INTO MATERIA_CURSO VALUES ('2SEC','FIS');
INSERT INTO MATERIA_CURSO VALUES ('2SEC','ING');
INSERT INTO MATERIA_CURSO VALUES ('2SEC','ART');
INSERT INTO MATERIA_CURSO VALUES ('2SEC','MUS');
INSERT INTO MATERIA_CURSO VALUES ('2SEC','EDU');
INSERT INTO MATERIA_CURSO VALUES ('2SEC','GEO');
INSERT INTO MATERIA_CURSO VALUES ('2SEC','REL');

INSERT INTO MATERIA_CURSO VALUES ('3SEC','MAT');
INSERT INTO MATERIA_CURSO VALUES ('3SEC','LIT');
INSERT INTO MATERIA_CURSO VALUES ('3SEC','HIS');
INSERT INTO MATERIA_CURSO VALUES ('3SEC','BIO');
INSERT INTO MATERIA_CURSO VALUES ('3SEC','QUI');
INSERT INTO MATERIA_CURSO VALUES ('3SEC','FIS');
INSERT INTO MATERIA_CURSO VALUES ('3SEC','ING');
INSERT INTO MATERIA_CURSO VALUES ('3SEC','ART');
INSERT INTO MATERIA_CURSO VALUES ('3SEC','MUS');
INSERT INTO MATERIA_CURSO VALUES ('3SEC','EDU');
INSERT INTO MATERIA_CURSO VALUES ('3SEC','GEO');
INSERT INTO MATERIA_CURSO VALUES ('3SEC','REL');

INSERT INTO MATERIA_CURSO VALUES ('4SEC','MAT');
INSERT INTO MATERIA_CURSO VALUES ('4SEC','LIT');
INSERT INTO MATERIA_CURSO VALUES ('4SEC','HIS');
INSERT INTO MATERIA_CURSO VALUES ('4SEC','BIO');
INSERT INTO MATERIA_CURSO VALUES ('4SEC','QUI');
INSERT INTO MATERIA_CURSO VALUES ('4SEC','FIS');
INSERT INTO MATERIA_CURSO VALUES ('4SEC','ING');
INSERT INTO MATERIA_CURSO VALUES ('4SEC','ART');
INSERT INTO MATERIA_CURSO VALUES ('4SEC','MUS');
INSERT INTO MATERIA_CURSO VALUES ('4SEC','EDU');
INSERT INTO MATERIA_CURSO VALUES ('4SEC','GEO');
INSERT INTO MATERIA_CURSO VALUES ('4SEC','REL');

INSERT INTO MATERIA_CURSO VALUES ('5SEC','MAT');
INSERT INTO MATERIA_CURSO VALUES ('5SEC','LIT');
INSERT INTO MATERIA_CURSO VALUES ('5SEC','HIS');
INSERT INTO MATERIA_CURSO VALUES ('5SEC','BIO');
INSERT INTO MATERIA_CURSO VALUES ('5SEC','QUI');
INSERT INTO MATERIA_CURSO VALUES ('5SEC','FIS');
INSERT INTO MATERIA_CURSO VALUES ('5SEC','ING');
INSERT INTO MATERIA_CURSO VALUES ('5SEC','ART');
INSERT INTO MATERIA_CURSO VALUES ('5SEC','MUS');
INSERT INTO MATERIA_CURSO VALUES ('5SEC','EDU');
INSERT INTO MATERIA_CURSO VALUES ('5SEC','GEO');
INSERT INTO MATERIA_CURSO VALUES ('5SEC','REL');

INSERT INTO MATERIA_CURSO VALUES ('6SEC','MAT');
INSERT INTO MATERIA_CURSO VALUES ('6SEC','LIT');
INSERT INTO MATERIA_CURSO VALUES ('6SEC','HIS');
INSERT INTO MATERIA_CURSO VALUES ('6SEC','BIO');
INSERT INTO MATERIA_CURSO VALUES ('6SEC','QUI');
INSERT INTO MATERIA_CURSO VALUES ('6SEC','FIS');
INSERT INTO MATERIA_CURSO VALUES ('6SEC','ING');
INSERT INTO MATERIA_CURSO VALUES ('6SEC','ART');
INSERT INTO MATERIA_CURSO VALUES ('6SEC','MUS');
INSERT INTO MATERIA_CURSO VALUES ('6SEC','EDU');
INSERT INTO MATERIA_CURSO VALUES ('6SEC','GEO');
INSERT INTO MATERIA_CURSO VALUES ('6SEC','REL');

SELECT * FROM MATERIA_CURSO

/*+++++++++++++++++++++ HORARIO +++++++++++++++++++++++++++*/

/*+++++++++++++++++++++ DOCENTE +++++++++++++++++++++++++++*/
SELECT * FROM DOCENTE
DELETE FROM DOCENTE

INSERT INTO DOCENTE VALUES ('D001','CESPEDES','ROMERO','RAMON',15,76852476,'AV. INTERNACIONAL','06/05/1980');
INSERT INTO DOCENTE VALUES ('D002','MANCILLA','QUINTEROS','GIOVANA LOIDA',35,71252476,'AV.SANTOS DUMNOT ','30/04/1972');
INSERT INTO DOCENTE VALUES ('D003','QUINTEROS','AYALA ROSA','',15,71252476,'','30/05/1972');
INSERT INTO DOCENTE VALUES ('D004','MAMANI','MAMANI','CARLOS',15,72387476,'AV. 2 DE AGOSTO','02/01/1972');
INSERT INTO DOCENTE VALUES ('D005','GONZALES','PEREZ','JESUS',15,71254567,'CUARTO ANILLO LA CUCHILLA','23/06/1972');
INSERT INTO DOCENTE VALUES ('D006','LOPEZ','GUERRA','MIGUEL',15,63421436,'LOS LOTES','13/10/1972');
INSERT INTO DOCENTE VALUES ('D007','GUERRA','GONZALES','YOSELIN',15,77462476,'ZONA LOS LOTES','31/07/1972');
INSERT INTO DOCENTE VALUES ('D008','TRUJILLO','GUTIERREZ','LUIS',15,71252984,'RADIAL 10','09/03/1972');
INSERT INTO DOCENTE VALUES ('D009','CHAMBI','MENDOZA','JUAN',15,71139846,'LA CUCHILLA','02/04/1972');
INSERT INTO DOCENTE VALUES ('D010','LOPEZ','GONZALES','NINET',15,63847986,'AV. RADIAL 17 1/2','10/12/1972');
INSERT INTO DOCENTE VALUES ('D011','GONZALES','MANCILLA','GUSTAVO',15,67352476,'BARRIO LOS TUSEQUIS','20/10/1972');
INSERT INTO DOCENTE VALUES ('D012','MACHICADO','GUZMAN','ADRIAN',15,71298346,'AV. RADIAL 13','06/09/1972');
INSERT INTO DOCENTE VALUES ('D013','GONZALES','MANCILLA','DENISSE',15,71252476,'URB. NUEVO AMANECER','09/02/1972');
INSERT INTO DOCENTE VALUES ('D014','MENDOZA','PEREZ','JULIO',15,71298466,'BARRIO LAS MISIONES','11/08/1972');
INSERT INTO DOCENTE VALUES ('D015','VACA','PEÑARANDA','MARY',15,72309483,'URB. EL QUIOR','03/05/1972');
INSERT INTO DOCENTE VALUES ('D016','VERA','CESPEDES','JUAN JOSE',15,72346483,'URB. EL GALLITO','03/05/1962');

SELECT * FROM DOCENTE

/*+++++++++++++++++++++ ESPECIALIDAD +++++++++++++++++++++++++++*/

SELECT * FROM ESPECIALIDAD

DELETE FROM ESPECIALIDAD

INSERT INTO ESPECIALIDAD VALUES ('E001','LICENCIADO EN CIENCIAS DE LA EDUCACION');
INSERT INTO ESPECIALIDAD VALUES ('E002','LICENCIADO EN MUSICA'); 
INSERT INTO ESPECIALIDAD VALUES ('E003','LICENCIADO EN EDUCACION FISICA'); 
INSERT INTO ESPECIALIDAD VALUES ('E004','LICENCIADO EN LENGUAJE'); 
INSERT INTO ESPECIALIDAD VALUES ('E005','LICENCIADO EN MATEMATICAS'); 
INSERT INTO ESPECIALIDAD VALUES ('E006','LICENCIADO EN HISTORIA'); 
INSERT INTO ESPECIALIDAD VALUES ('E007','LICENCIADO EN INGLES'); 
INSERT INTO ESPECIALIDAD VALUES ('E008','LICENCIADO EN EDUCACION ESPECIAL');
INSERT INTO ESPECIALIDAD VALUES ('E009','LICENCIADO EN GEOGRAFIA'); 
INSERT INTO ESPECIALIDAD VALUES ('E010','LICENCIADO EN ARTES PLASTICAS'); 
INSERT INTO ESPECIALIDAD VALUES ('E011','LICENCIADO EN LITERATURA'); 
INSERT INTO ESPECIALIDAD VALUES ('E012','LICENCIADO EN BIOLOGIA'); 
INSERT INTO ESPECIALIDAD VALUES ('E013','LICENCIADO EN CIENCIAS SOCIALES'); 
INSERT INTO ESPECIALIDAD VALUES ('E014','LICENCIADO EN ESTUDIO SOCIALES'); 
INSERT INTO ESPECIALIDAD VALUES ('E015','LICENCIADO EN RELIGION'); 
INSERT INTO ESPECIALIDAD VALUES ('E016','LICENCIADO EN QUIMICA'); 
INSERT INTO ESPECIALIDAD VALUES ('E017','LICENCIADO EN FISICA'); 

SELECT * FROM ESPECIALIDAD

/*+++++++++++++++++++++ DOCENTE_ ESPECIALIDAD +++++++++++++++++++++++++++*/

SELECT * FROM DOCENTE_ESPECIALIDAD
SELECT * FROM DOCENTE

INSERT INTO DOCENTE_ESPECIALIDAD VALUES ('D001','E001');
INSERT INTO DOCENTE_ESPECIALIDAD VALUES ('D002','E002');
INSERT INTO DOCENTE_ESPECIALIDAD VALUES ('D003','E010');
INSERT INTO DOCENTE_ESPECIALIDAD VALUES ('D004','E012');
INSERT INTO DOCENTE_ESPECIALIDAD VALUES ('D005','E003');
INSERT INTO DOCENTE_ESPECIALIDAD VALUES ('D006','E004');
INSERT INTO DOCENTE_ESPECIALIDAD VALUES ('D007','E005');
INSERT INTO DOCENTE_ESPECIALIDAD VALUES ('D008','E008');
INSERT INTO DOCENTE_ESPECIALIDAD VALUES ('D009','E005');
INSERT INTO DOCENTE_ESPECIALIDAD VALUES ('D010','E006');
INSERT INTO DOCENTE_ESPECIALIDAD VALUES ('D011','E012');
INSERT INTO DOCENTE_ESPECIALIDAD VALUES ('D011','E014');
INSERT INTO DOCENTE_ESPECIALIDAD VALUES ('D012','E013');
INSERT INTO DOCENTE_ESPECIALIDAD VALUES ('D013','E007');
INSERT INTO DOCENTE_ESPECIALIDAD VALUES ('D014','E009');
INSERT INTO DOCENTE_ESPECIALIDAD VALUES ('D015','E011');
INSERT INTO DOCENTE_ESPECIALIDAD VALUES ('D016','E016');
INSERT INTO DOCENTE_ESPECIALIDAD VALUES ('D016','E017');

SELECT * FROM DOCENTE_ESPECIALIDAD

/*+++++++++++++++++++++ DICTA +++++++++++++++++++++++++++*/
SELECT* FROM DICTA


INSERT INTO DICTA VALUES ('ART','D003');
INSERT INTO DICTA VALUES ('BIO','D004');
INSERT INTO DICTA VALUES ('CIE','D012');
INSERT INTO DICTA VALUES ('EDU','D005');
INSERT INTO DICTA VALUES ('FIS','D016');
INSERT INTO DICTA VALUES ('GEO','D014');
INSERT INTO DICTA VALUES ('HIS','D010');
INSERT INTO DICTA VALUES ('ING','D013');
INSERT INTO DICTA VALUES ('LEN','D006');
INSERT INTO DICTA VALUES ('LIT','D015');
INSERT INTO DICTA VALUES ('MAT','D007');
INSERT INTO DICTA VALUES ('MAT','D009');
INSERT INTO DICTA VALUES ('MUS','D002');
INSERT INTO DICTA VALUES ('QUI','D016');
INSERT INTO DICTA VALUES ('REL','D002');
INSERT INTO DICTA VALUES ('SOC','D011');
INSERT INTO DICTA VALUES ('BIO','D011');

SELECT * FROM DICTA

/*+++++++++++++++++++++ CARGO +++++++++++++++++++++++++++*/
SELECT * FROM CARGO
DELETE CARGO

INSERT INTO CARGO VALUES ('C001','DIRECTOR(A)',1);
INSERT INTO CARGO VALUES ('C002','SECRETARIA(O)',1);
INSERT INTO CARGO VALUES ('C003','ORIENTADOR',2);
INSERT INTO CARGO VALUES ('C004','COORDINADOR',2);
INSERT INTO CARGO VALUES ('C005','REGENTE',3);

/*+++++++++++++++++++++ EMPLEADO +++++++++++++++++++++++++++*/
SELECT * FROM EMPLEADO
DELETE EMPLEADO

INSERT INTO EMPLEADO VALUES ('EM001','LEDESMA','ROMERO','ANA PAOLA',73847267,'AV. EL CRISTO','SOLTERA','23/09/1980','C001');
INSERT INTO EMPLEADO VALUES ('EM002','PEREZ','GUZMAN','DIONICIO',76351429,'AV, SANTOS DUMONT','SOLTERO','23/09/1970','C002');
INSERT INTO EMPLEADO VALUES ('EM003','CESPEDES','GUZMAN','ROXANA',76351429,'AV IRALA','SOLTERA','23/09/1968','C003');
INSERT INTO EMPLEADO VALUES ('EM004','VACA','TITO','CAROLINA',76381387,'FINAL POR VENIR','CASADA','23/09/1972','C004');
INSERT INTO EMPLEADO VALUES ('EM005','PINTO','MINAYA','SEBASTIAN',71203929,'BARRIO ALTO OLIVO','CASADO','23/09/1985','C005');

/*-----------------------------++++++++++ APODERADO +++++++++++----------------------------*/
SELECT * FROM APODERADO

INSERT INTO APODERADO VALUES ('AP001',9732555, 'GONZALES','MANCILLA','SIOMARA','DESARROLLADOR DE SOFTWARE','LICENCIATURA','ING. INFORMATICA','TISMA',3981637,'MADRE','2DO ANILLO ALEMANA',NULL);
INSERT INTO APODERADO VALUES ('AP002',7362555, 'TICLLA','MANCILLA','ESTEFANI','DESARROLLADOR DE SOFTWARE','LICENCIATURA','ING. INFORMATICA','TISMA',3981637,'MADRE','2DO ANILLO ALEMANA',NULL);
INSERT INTO APODERADO VALUES ('AP003',9732573, 'GUERRA','MANCILLA','JUAN','DESARROLLADOR DE SOFTWARE','LICENCIATURA','ING. INFORMATICA','TISMA',3981637,'TIA','2DO ANILLO ALEMANA',NULL);
INSERT INTO APODERADO VALUES ('AP004',9263555, 'JUSTINIANO','MANCILLA','PATRICIA','DESARROLLADOR DE SOFTWARE','LICENCIATURA','ING. INFORMATICA','TISMA',3981637,'MADRE','2DO ANILLO ALEMANA',NULL);
INSERT INTO APODERADO VALUES ('AP005',3872255, 'SALAZAR','MANCILLA','MARCELINO','DESARROLLADOR DE SOFTWARE','LICENCIATURA','ING. INFORMATICA','TISMA',3981637,'PADRE','2DO ANILLO ALEMANA',NULL);
INSERT INTO APODERADO VALUES ('AP006',7643255, 'GONZALES','MANCILLA','TEODORA','DESARROLLADOR DE SOFTWARE','LICENCIATURA','ING. INFORMATICA','TISMA',3981637,'MADRE','2DO ANILLO ALEMANA',NULL);
INSERT INTO APODERADO VALUES ('AP007',7362555, 'TICLLA','MANCILLA','VICENTA','DESARROLLADOR DE SOFTWARE','LICENCIATURA','ING. INFORMATICA','TISMA',3981637,'TIA','2DO ANILLO ALEMANA',NULL);
INSERT INTO APODERADO VALUES ('AP008',9732573, 'GUERRA','MANCILLA','JESUS','DESARROLLADOR DE SOFTWARE','LICENCIATURA','ING. INFORMATICA','TISMA',3981637,'HERMANO','2DO ANILLO ALEMANA',NULL);
INSERT INTO APODERADO VALUES ('AP009',9269267, 'JUSTINIANO','MANCILLA','WILFREDO','DESARROLLADOR DE SOFTWARE','LICENCIATURA','ING. INFORMATICA','TISMA',3981637,'TIO','2DO ANILLO ALEMANA',NULL);
INSERT INTO APODERADO VALUES ('AP010',3094835, 'SALAZAR','MANCILLA','EPIFANIA','DESARROLLADOR DE SOFTWARE','LICENCIATURA','ING. INFORMATICA','TISMA',3981637,'MADRE','2DO ANILLO ALEMANA',NULL);
INSERT INTO APODERADO VALUES ('AP011',9382555, 'GONZALES','MANCILLA','AUGUSTO','DESARROLLADOR DE SOFTWARE','LICENCIATURA','ING. INFORMATICA','TISMA',3981637,'PADRE','2DO ANILLO ALEMANA',NULL);
INSERT INTO APODERADO VALUES ('AP012',7049555, 'TICLLA','MANCILLA','TAMARA','DESARROLLADOR DE SOFTWARE','LICENCIATURA','ING. INFORMATICA','TISMA',3981637,'MADRE','2DO ANILLO ALEMANA',NULL);
INSERT INTO APODERADO VALUES ('AP013',9482573, 'GUERRA','MANCILLA','JUANA','DESARROLLADOR DE SOFTWARE','LICENCIATURA','ING. INFORMATICA','TISMA',3981637,'MADRE','2DO ANILLO ALEMANA',NULL);
INSERT INTO APODERADO VALUES ('AP014',1726283, 'JUSTINIANO','MANCILLA','RENE','DESARROLLADOR DE SOFTWARE','LICENCIATURA','ING. INFORMATICA','TISMA',3981637,'PADRE','2DO ANILLO ALEMANA',NULL);
INSERT INTO APODERADO VALUES ('AP015',1736439, 'SALAZAR','MANCILLA','RENATO','DESARROLLADOR DE SOFTWARE','LICENCIATURA','ING. INFORMATICA','TISMA',3981637,'PADRE','2DO ANILLO ALEMANA',NULL);

SELECT * FROM APODERADO

/*-----------------------------++++++++++ LUGAR NACIMIENTO +++++++++++----------------------------*/

SELECT * FROM LUGAR_NACIMIENTO
DELETE LUGAR_NACIMIENTO

INSERT INTO LUGAR_NACIMIENTO VALUES ('LN001','BOLIVIA','BENI',NULL,'TRINIDAD');
INSERT INTO LUGAR_NACIMIENTO VALUES ('LN002','BOLIVIA','PANDO',NULL,'COBIJA');
INSERT INTO LUGAR_NACIMIENTO VALUES ('LN003','BOLIVIA','SANTA CRUZ',NULL,'SANTA CRUZ DE LA SIERRA');
INSERT INTO LUGAR_NACIMIENTO VALUES ('LN004','BOLIVIA','TARIJA',NULL,'TARIJA');
INSERT INTO LUGAR_NACIMIENTO VALUES ('LN005','BOLIVIA','LA PAZ',NULL,'LA PAZ');
INSERT INTO LUGAR_NACIMIENTO VALUES ('LN006','BOLIVIA','ORURO',NULL,'ORURO');
INSERT INTO LUGAR_NACIMIENTO VALUES ('LN007','BOLIVIA','POTOSI',NULL,'POTOSI');
INSERT INTO LUGAR_NACIMIENTO VALUES ('LN008','BOLIVIA','COCHABAMBA',NULL,'COCHABAMBA');
INSERT INTO LUGAR_NACIMIENTO VALUES ('LN009','BOLIVIA','SUCRE',NULL,'CHUQUISACA');

SELECT * FROM LUGAR_NACIMIENTO

/*-----------------------------++++++++++ ALUMNO +++++++++++----------------------------*/

SELECT * FROM ALUMNO
DELETE ALUMNO

INSERT INTO ALUMNO VALUES ('AL001','CESPEDES','QUISPE','RITA','','F','LN001');
INSERT INTO ALUMNO VALUES ('AL002','ROMERO','ARRUETA','CANDIDO','','M','LN001');
INSERT INTO ALUMNO VALUES ('AL003','LEDESMA','LIMON','LIONIDAS','','M','LN001');
INSERT INTO ALUMNO VALUES ('AL004','GARCIA','SUAREZ','ADALI','','M','LN001');
INSERT INTO ALUMNO VALUES ('AL005','JUSTINIANO','ROMERO','JOEL','','M','LN001');
INSERT INTO ALUMNO VALUES ('AL006','VILLAGOMEZ','CUELLAR','MIRIAN','','F','LN002');
INSERT INTO ALUMNO VALUES ('AL007','POIQUI','PEREZ','MARIA','','F','LN001');
INSERT INTO ALUMNO VALUES ('AL008','GUZMAN','TITO','JOHANA','','F','LN001');
INSERT INTO ALUMNO VALUES ('AL009','ROSALES','VACA','LOIDA','','F','LN003');
INSERT INTO ALUMNO VALUES ('AL010','VACA','RICALDE','LILIAN','','F','LN001');
INSERT INTO ALUMNO VALUES ('AL011','ORTEGA','DELGADILLO','ALBERTO','','M','LN003');
INSERT INTO ALUMNO VALUES ('AL012','CUELLAR','ORTEGA','JHON','','M','LN001');
INSERT INTO ALUMNO VALUES ('AL013','SERRUDO','ORELLANA','CRISTIAN','','M','LN001');
INSERT INTO ALUMNO VALUES ('AL014','MELGAR','MUÑOZ','LUCIA','','F','LN001');
INSERT INTO ALUMNO VALUES ('AL015','JUSTINIANO','DELGADILLO','INGRIT','','F','LN001');
INSERT INTO ALUMNO VALUES ('AL016','TRUJILLO','PEREZ','FAVIOLA','','F','LN001');
INSERT INTO ALUMNO VALUES ('AL017','FERREIRA','LOPEZ','MARCOS','','M','LN001');
INSERT INTO ALUMNO VALUES ('AL018','PEREIRA','GUAMAN','MARCELO','','M','LN004');
INSERT INTO ALUMNO VALUES ('AL019','ATILA','JUSTINIANO','VITALIO','','M','LN001');
INSERT INTO ALUMNO VALUES ('AL020','LIJERON','DAZA','ARSENIO','','M','LN006');
INSERT INTO ALUMNO VALUES ('AL021','MAITA','LOZADA','SERGIO','','M','LN001');
INSERT INTO ALUMNO VALUES ('AL022','GONZALLES','PEREZ','JORGE','','M','LN001');
INSERT INTO ALUMNO VALUES ('AL023','PEREZ','GUAMAN','FABIAN','','M','LN001');
INSERT INTO ALUMNO VALUES ('AL024','RICALDE','ROCHA','FABIANA','','F','LN005');
INSERT INTO ALUMNO VALUES ('AL025','RUIZ','VACA','TEODORA','','F','LN001');
INSERT INTO ALUMNO VALUES ('AL026','DELGADILLO','ROCHA','REIMAR','','M','LN004');
INSERT INTO ALUMNO VALUES ('AL027','BAILABA','GUTIERREZ','FERNANDO','','M','LN001');
INSERT INTO ALUMNO VALUES ('AL028','VILLARROEL','JIMENES','MIRIAN','','F','LN001');
INSERT INTO ALUMNO VALUES ('AL029','VILLAVICENCIO','DONAIRE','PEDRO','','M','LN006');
INSERT INTO ALUMNO VALUES ('AL030','CRUZ','ESPADA','NATALIA','','F','LN001');
INSERT INTO ALUMNO VALUES ('AL031','ROMERO','CHOQUE','MICAELA','','F','LN001');
INSERT INTO ALUMNO VALUES ('AL032','QUISPE','ARRUETA','LEONCIO','','M','LN001');
INSERT INTO ALUMNO VALUES ('AL033','LEDESMA','QUIROZ','MARIBEL','','F','LN001');
INSERT INTO ALUMNO VALUES ('AL034','RALDES','TRUJILLO','MAGALI','','F','LN002');
INSERT INTO ALUMNO VALUES ('AL035','PEINADO','JIMENES','PAOLA','','F','LN001');
INSERT INTO ALUMNO VALUES ('AL036','RUIZ','CABELLO','CRISTOFER','','M','LN001');
INSERT INTO ALUMNO VALUES ('AL037','PEREIRA','PEINADO','MIGUEL','','M','LN002');
INSERT INTO ALUMNO VALUES ('AL038','CHAMBI','JUSTINIANO','JHOEL','','M','LN001');
INSERT INTO ALUMNO VALUES ('AL039','MENDOZA','GONZALES','ANGEL','','M','LN001');
INSERT INTO ALUMNO VALUES ('AL040','ZURITA','RODRIGUEZ','YADIRA','','F','LN004');
INSERT INTO ALUMNO VALUES ('AL041','CABRERA','BARRERA','MEL','','F','LN001');
INSERT INTO ALUMNO VALUES ('AL042','POQUIVIRI',NULL,'LUCAS','','M','LN001');
INSERT INTO ALUMNO VALUES ('AL043','BLANCO','PARDO','JADE','','F','LN001');
INSERT INTO ALUMNO VALUES ('AL044','RUIZ','TEJERINA','RENATO','','M','LN001');
INSERT INTO ALUMNO VALUES ('AL045','ARANCIBIA','TOLEDO','LOIDA','','F','LN006');
INSERT INTO ALUMNO VALUES ('AL046','PILUI','FLORES','GIOVANA','','F','LN001');
INSERT INTO ALUMNO VALUES ('AL047','AREDONDO','CABAS','BRIGITTE','','F','LN001');
INSERT INTO ALUMNO VALUES ('AL048','ALVARADO','MAMANI','DENISSE','','F','LN008');
INSERT INTO ALUMNO VALUES ('AL049','MANCILLA','MENDOZA','ROLANDO','','M','LN002');
INSERT INTO ALUMNO VALUES ('AL050','GARCIA','VELASQUEZ','CARLOS','','M','LN001');
INSERT INTO ALUMNO VALUES ('AL051','CABRERA','VELASQUEZ','INGRIT','','F','LN001');
INSERT INTO ALUMNO VALUES ('AL052','POQUIVIRI','ROCHA','JULIO','','M','LN001');
INSERT INTO ALUMNO VALUES ('AL053','BLANCO','GONZALES','JULIA','','F','LN001');
INSERT INTO ALUMNO VALUES ('AL054','GUZMAN','TEJERINA','KARINA','','F','LN003');
INSERT INTO ALUMNO VALUES ('AL055','FLORES','TOLEDO','ROSY','','F','LN001');
INSERT INTO ALUMNO VALUES ('AL056','BAILABA','FLORES','CELLER','','M','LN003');
INSERT INTO ALUMNO VALUES ('AL057','TABOADA','CABAS','FRANKS','','M','LN001');
INSERT INTO ALUMNO VALUES ('AL058','QUISPE','MAMANI','CECILIA','','F','LN001');
INSERT INTO ALUMNO VALUES ('AL059','MENACHO','MENDOZA','ROMINA','','F','LN004');
INSERT INTO ALUMNO VALUES ('AL060','DELGADO','BLANCO','SIOMARA','','F','LN001');

SELECT * FROM ALUMNO

/*-----------------------------++++++++++ ALUMNO - APODERADO +++++++++++----------------------------*/

SELECT * FROM ALUMNO_APODERADO

INSERT INTO ALUMNO_APODERADO VALUES ('AL001','AP001');
INSERT INTO ALUMNO_APODERADO VALUES ('AL002','AP001');
INSERT INTO ALUMNO_APODERADO VALUES ('AL003','AP001');
INSERT INTO ALUMNO_APODERADO VALUES ('AL004','AP001');
INSERT INTO ALUMNO_APODERADO VALUES ('AL005','AP001');
INSERT INTO ALUMNO_APODERADO VALUES ('AL006','AP002');
INSERT INTO ALUMNO_APODERADO VALUES ('AL007','AP002');
INSERT INTO ALUMNO_APODERADO VALUES ('AL008','AP002');
INSERT INTO ALUMNO_APODERADO VALUES ('AL009','AP002');
INSERT INTO ALUMNO_APODERADO VALUES ('AL010','AP002');
INSERT INTO ALUMNO_APODERADO VALUES ('AL011','AP003');
INSERT INTO ALUMNO_APODERADO VALUES ('AL012','AP003');
INSERT INTO ALUMNO_APODERADO VALUES ('AL013','AP003');
INSERT INTO ALUMNO_APODERADO VALUES ('AL014','AP003');
INSERT INTO ALUMNO_APODERADO VALUES ('AL015','AP003');
INSERT INTO ALUMNO_APODERADO VALUES ('AL016','AP004');
INSERT INTO ALUMNO_APODERADO VALUES ('AL017','AP004');
INSERT INTO ALUMNO_APODERADO VALUES ('AL018','AP014');
INSERT INTO ALUMNO_APODERADO VALUES ('AL019','AP014');
INSERT INTO ALUMNO_APODERADO VALUES ('AL020','AP014');
INSERT INTO ALUMNO_APODERADO VALUES ('AL021','AP005');
INSERT INTO ALUMNO_APODERADO VALUES ('AL022','AP005');
INSERT INTO ALUMNO_APODERADO VALUES ('AL023','AP005');
INSERT INTO ALUMNO_APODERADO VALUES ('AL024','AP005');
INSERT INTO ALUMNO_APODERADO VALUES ('AL025','AP006');
INSERT INTO ALUMNO_APODERADO VALUES ('AL026','AP006');
INSERT INTO ALUMNO_APODERADO VALUES ('AL027','AP013');
INSERT INTO ALUMNO_APODERADO VALUES ('AL028','AP013');
INSERT INTO ALUMNO_APODERADO VALUES ('AL029','AP013');
INSERT INTO ALUMNO_APODERADO VALUES ('AL030','AP013');
INSERT INTO ALUMNO_APODERADO VALUES ('AL031','AP007');
INSERT INTO ALUMNO_APODERADO VALUES ('AL032','AP007');
INSERT INTO ALUMNO_APODERADO VALUES ('AL033','AP007');
INSERT INTO ALUMNO_APODERADO VALUES ('AL034','AP012');
INSERT INTO ALUMNO_APODERADO VALUES ('AL035','AP012');
INSERT INTO ALUMNO_APODERADO VALUES ('AL036','AP012');
INSERT INTO ALUMNO_APODERADO VALUES ('AL037','AP012');
INSERT INTO ALUMNO_APODERADO VALUES ('AL038','AP012');
INSERT INTO ALUMNO_APODERADO VALUES ('AL039','AP012');
INSERT INTO ALUMNO_APODERADO VALUES ('AL040','AP008');
INSERT INTO ALUMNO_APODERADO VALUES ('AL041','AP008');
INSERT INTO ALUMNO_APODERADO VALUES ('AL042','AP008');
INSERT INTO ALUMNO_APODERADO VALUES ('AL043','AP008');
INSERT INTO ALUMNO_APODERADO VALUES ('AL044','AP011');
INSERT INTO ALUMNO_APODERADO VALUES ('AL045','AP011');
INSERT INTO ALUMNO_APODERADO VALUES ('AL046','AP011');
INSERT INTO ALUMNO_APODERADO VALUES ('AL047','AP009');
INSERT INTO ALUMNO_APODERADO VALUES ('AL048','AP009');
INSERT INTO ALUMNO_APODERADO VALUES ('AL049','AP009');
INSERT INTO ALUMNO_APODERADO VALUES ('AL050','AP009');
INSERT INTO ALUMNO_APODERADO VALUES ('AL051','AP009');
INSERT INTO ALUMNO_APODERADO VALUES ('AL052','AP010');
INSERT INTO ALUMNO_APODERADO VALUES ('AL053','AP010');
INSERT INTO ALUMNO_APODERADO VALUES ('AL054','AP010');
INSERT INTO ALUMNO_APODERADO VALUES ('AL055','AP010');
INSERT INTO ALUMNO_APODERADO VALUES ('AL056','AP010');
INSERT INTO ALUMNO_APODERADO VALUES ('AL057','AP011');
INSERT INTO ALUMNO_APODERADO VALUES ('AL058','AP011');
INSERT INTO ALUMNO_APODERADO VALUES ('AL059','AP011');
INSERT INTO ALUMNO_APODERADO VALUES ('AL060','AP011');

SELECT * FROM ALUMNO_APODERADO

/*-----------------------------++++++++++ CERTIFICADO DE NACIMIENTO +++++++++++----------------------------*/

SELECT * FROM CERTIFICADO_NACIMIENTO
DELETE CERTIFICADO_NACIMIENTO

INSERT INTO CERTIFICADO_NACIMIENTO VALUES ('C0001',12345,736,23,93,'12/03/2000','AL001');
INSERT INTO CERTIFICADO_NACIMIENTO VALUES ('C0002',34945,737,23,93,'12/03/2000','AL002');
INSERT INTO CERTIFICADO_NACIMIENTO VALUES ('C0003',12349,623,93,45,'12/04/2000','AL003');
INSERT INTO CERTIFICADO_NACIMIENTO VALUES ('C0004',12345,736,23,93,'12/12/2000','AL004');
INSERT INTO CERTIFICADO_NACIMIENTO VALUES ('C0005',12345,736,23,93,'12/04/2000','AL005');
INSERT INTO CERTIFICADO_NACIMIENTO VALUES ('C0006',12345,736,23,93,'12/07/2000','AL006');
INSERT INTO CERTIFICADO_NACIMIENTO VALUES ('C0007',12345,736,23,93,'12/08/2000','AL007');
INSERT INTO CERTIFICADO_NACIMIENTO VALUES ('C0008',12345,736,23,93,'12/09/2000','AL008');
INSERT INTO CERTIFICADO_NACIMIENTO VALUES ('C0009',12345,736,23,93,'12/06/2000','AL009');
INSERT INTO CERTIFICADO_NACIMIENTO VALUES ('C0010',12345,736,23,93,'12/03/2000','AL010');

INSERT INTO CERTIFICADO_NACIMIENTO VALUES ('C0011',12345,736,23,93,'12/02/2000','AL011');
INSERT INTO CERTIFICADO_NACIMIENTO VALUES ('C0012',12345,736,23,93,'12/01/2000','AL012');
INSERT INTO CERTIFICADO_NACIMIENTO VALUES ('C0013',12345,736,23,93,'12/02/2000','AL013');
INSERT INTO CERTIFICADO_NACIMIENTO VALUES ('C0014',12345,736,23,93,'12/04/2000','AL014');
INSERT INTO CERTIFICADO_NACIMIENTO VALUES ('C0015',12345,736,23,93,'12/05/2000','AL015');
INSERT INTO CERTIFICADO_NACIMIENTO VALUES ('C0016',12345,736,23,93,'12/06/2000','AL016');
INSERT INTO CERTIFICADO_NACIMIENTO VALUES ('C0017',12345,736,23,93,'12/07/2000','AL017');
INSERT INTO CERTIFICADO_NACIMIENTO VALUES ('C0018',12345,736,23,93,'12/08/2000','AL018');
INSERT INTO CERTIFICADO_NACIMIENTO VALUES ('C0019',12345,736,23,93,'12/08/2000','AL019');
INSERT INTO CERTIFICADO_NACIMIENTO VALUES ('C0020',12345,736,23,93,'12/09/2000','AL020');


INSERT INTO CERTIFICADO_NACIMIENTO VALUES ('C0021',12345,736,23,93,'12/03/2000','AL021');
INSERT INTO CERTIFICADO_NACIMIENTO VALUES ('C0022',12345,736,23,93,'12/03/2000','AL022');
INSERT INTO CERTIFICADO_NACIMIENTO VALUES ('C0023',12345,736,23,93,'12/03/2000','AL023');
INSERT INTO CERTIFICADO_NACIMIENTO VALUES ('C0024',12345,736,23,93,'12/03/2000','AL024');
INSERT INTO CERTIFICADO_NACIMIENTO VALUES ('C0025',12345,736,23,93,'12/03/2000','AL025');
INSERT INTO CERTIFICADO_NACIMIENTO VALUES ('C0026',12345,736,23,93,'12/03/2000','AL026');
INSERT INTO CERTIFICADO_NACIMIENTO VALUES ('C0027',12345,736,23,93,'12/03/2000','AL027');
INSERT INTO CERTIFICADO_NACIMIENTO VALUES ('C0028',12345,736,23,93,'12/03/2000','AL028');
INSERT INTO CERTIFICADO_NACIMIENTO VALUES ('C0029',12345,736,23,93,'12/03/2000','AL029');
INSERT INTO CERTIFICADO_NACIMIENTO VALUES ('C0030',12345,736,23,93,'12/03/2000','AL030');


INSERT INTO CERTIFICADO_NACIMIENTO VALUES ('C0031',12345,736,23,93,'12/03/2000','AL031');
INSERT INTO CERTIFICADO_NACIMIENTO VALUES ('C0032',12345,736,23,93,'12/03/2000','AL032');
INSERT INTO CERTIFICADO_NACIMIENTO VALUES ('C0033',12345,736,23,93,'12/03/2000','AL033');
INSERT INTO CERTIFICADO_NACIMIENTO VALUES ('C0034',12345,736,23,93,'12/03/2000','AL034');
INSERT INTO CERTIFICADO_NACIMIENTO VALUES ('C0035',12345,736,23,93,'12/03/2000','AL035');
INSERT INTO CERTIFICADO_NACIMIENTO VALUES ('C0036',12345,736,23,93,'12/03/2000','AL036');
INSERT INTO CERTIFICADO_NACIMIENTO VALUES ('C0037',12345,736,23,93,'12/03/2000','AL037');
INSERT INTO CERTIFICADO_NACIMIENTO VALUES ('C0038',12345,736,23,93,'12/03/2000','AL038');
INSERT INTO CERTIFICADO_NACIMIENTO VALUES ('C0039',12345,736,23,93,'12/03/2000','AL039');
INSERT INTO CERTIFICADO_NACIMIENTO VALUES ('C0040',12345,736,23,93,'12/03/2000','AL040');


INSERT INTO CERTIFICADO_NACIMIENTO VALUES ('C0041',12345,736,23,93,'12/03/2000','AL041');
INSERT INTO CERTIFICADO_NACIMIENTO VALUES ('C0042',12345,736,23,93,'12/03/2000','AL042');
INSERT INTO CERTIFICADO_NACIMIENTO VALUES ('C0043',12345,736,23,93,'12/03/2000','AL043');
INSERT INTO CERTIFICADO_NACIMIENTO VALUES ('C0044',12345,736,23,93,'12/03/2000','AL044');
INSERT INTO CERTIFICADO_NACIMIENTO VALUES ('C0045',12345,736,23,93,'12/03/2000','AL045');
INSERT INTO CERTIFICADO_NACIMIENTO VALUES ('C0046',12345,736,23,93,'12/03/2000','AL046');
INSERT INTO CERTIFICADO_NACIMIENTO VALUES ('C0047',12345,736,23,93,'12/03/2000','AL047');
INSERT INTO CERTIFICADO_NACIMIENTO VALUES ('C0048',12345,736,23,93,'12/03/2000','AL048');
INSERT INTO CERTIFICADO_NACIMIENTO VALUES ('C0049',12345,736,23,93,'12/03/2000','AL049');
INSERT INTO CERTIFICADO_NACIMIENTO VALUES ('C0050',12345,736,23,93,'12/03/2000','AL050');


INSERT INTO CERTIFICADO_NACIMIENTO VALUES ('C0051',12345,736,23,93,'12/03/2000','AL051');
INSERT INTO CERTIFICADO_NACIMIENTO VALUES ('C0052',12345,736,23,93,'12/03/2000','AL052');
INSERT INTO CERTIFICADO_NACIMIENTO VALUES ('C0053',12345,736,23,93,'12/03/2000','AL053');
INSERT INTO CERTIFICADO_NACIMIENTO VALUES ('C0054',12345,736,23,93,'12/03/2000','AL054');
INSERT INTO CERTIFICADO_NACIMIENTO VALUES ('C0055',12345,736,23,93,'12/03/2000','AL055');
INSERT INTO CERTIFICADO_NACIMIENTO VALUES ('C0056',12345,736,23,93,'12/03/2000','AL056');
INSERT INTO CERTIFICADO_NACIMIENTO VALUES ('C0057',12345,736,23,93,'12/03/2000','AL057');
INSERT INTO CERTIFICADO_NACIMIENTO VALUES ('C0058',12345,736,23,93,'12/03/2000','AL058');
INSERT INTO CERTIFICADO_NACIMIENTO VALUES ('C0059',12345,736,23,93,'12/03/2000','AL059');
INSERT INTO CERTIFICADO_NACIMIENTO VALUES ('C0060',12345,736,23,93,'12/03/2000','AL016');

/*-----------------------------++++++++++ INSCRIPCION +++++++++++----------------------------*/
SELECT * FROM INSCRIPCION
DELETE INSCRIPCION

SELECT * FROM INSCRIPCION
SELECT * FROM PARALELO

INSERT INTO INSCRIPCION VALUES('INS0001','20/01/2012','GES2012','AL001','1PRIM-A','EM002');
INSERT INTO INSCRIPCION VALUES('INS0002','20/01/2012','GES2012','AL002','1PRIM-A','EM002');
INSERT INTO INSCRIPCION VALUES('INS0003','20/01/2012','GES2012','AL003','1PRIM-A','EM002');
INSERT INTO INSCRIPCION VALUES('INS0004','20/01/2012','GES2012','AL004','1PRIM-A','EM002');
INSERT INTO INSCRIPCION VALUES('INS0005','20/01/2012','GES2012','AL005','1PRIM-A','EM002');


INSERT INTO INSCRIPCION VALUES('INS0006','20/01/2013','GES2013','AL001','2PRIM-A','EM002');
INSERT INTO INSCRIPCION VALUES('INS0007','20/01/2013','GES2013','AL002','2PRIM-A','EM002');
INSERT INTO INSCRIPCION VALUES('INS0008','20/01/2013','GES2013','AL003','2PRIM-A','EM002');
INSERT INTO INSCRIPCION VALUES('INS0009','20/01/2013','GES2013','AL004','2PRIM-A','EM002');
INSERT INTO INSCRIPCION VALUES('INS0010','20/01/2013','GES2013','AL005','2PRIM-A','EM002');

INSERT INTO INSCRIPCION VALUES('INS0011','20/01/2013','GES2013','AL006','1PRIM-A','EM002');
INSERT INTO INSCRIPCION VALUES('INS0012','20/01/2013','GES2013','AL007','1PRIM-A','EM002');
INSERT INTO INSCRIPCION VALUES('INS0013','20/01/2013','GES2013','AL008','1PRIM-A','EM002');
INSERT INTO INSCRIPCION VALUES('INS0014','20/01/2013','GES2013','AL009','1PRIM-A','EM002');
INSERT INTO INSCRIPCION VALUES('INS0015','20/01/2013','GES2013','AL010','1PRIM-A','EM002');

INSERT INTO INSCRIPCION VALUES('INS0016','20/01/2013','GES2013','AL011','3PRIM-A','EM002');
INSERT INTO INSCRIPCION VALUES('INS0017','20/01/2013','GES2013','AL012','3PRIM-A','EM002');
INSERT INTO INSCRIPCION VALUES('INS0018','20/01/2013','GES2013','AL013','3PRIM-A','EM002');
INSERT INTO INSCRIPCION VALUES('INS0019','20/01/2013','GES2013','AL014','3PRIM-A','EM002');
INSERT INTO INSCRIPCION VALUES('INS0020','20/01/2013','GES2013','AL015','3PRIM-A','EM002');

INSERT INTO INSCRIPCION VALUES('INS0021','20/01/2013','GES2013','AL016','4PRIM-A','EM002');
INSERT INTO INSCRIPCION VALUES('INS0022','20/01/2013','GES2013','AL017','4PRIM-A','EM002');
INSERT INTO INSCRIPCION VALUES('INS0023','20/01/2013','GES2013','AL018','4PRIM-A','EM002');
INSERT INTO INSCRIPCION VALUES('INS0024','20/01/2013','GES2013','AL019','4PRIM-A','EM002');
INSERT INTO INSCRIPCION VALUES('INS0025','20/01/2013','GES2013','AL020','4PRIM-A','EM002');

INSERT INTO INSCRIPCION VALUES('INS0026','20/01/2013','GES2013','AL021','5PRIM-A','EM002');
INSERT INTO INSCRIPCION VALUES('INS0027','20/01/2013','GES2013','AL022','5PRIM-A','EM002');
INSERT INTO INSCRIPCION VALUES('INS0028','20/01/2013','GES2013','AL023','5PRIM-A','EM002');
INSERT INTO INSCRIPCION VALUES('INS0029','20/01/2013','GES2013','AL024','5PRIM-A','EM002');
INSERT INTO INSCRIPCION VALUES('INS0030','20/01/2013','GES2013','AL025','5PRIM-A','EM002');

INSERT INTO INSCRIPCION VALUES('INS0031','20/01/2013','GES2013','AL026','6PRIM-A','EM002');
INSERT INTO INSCRIPCION VALUES('INS0032','20/01/2013','GES2013','AL027','6PRIM-A','EM002');
INSERT INTO INSCRIPCION VALUES('INS0033','20/01/2013','GES2013','AL028','6PRIM-A','EM002');
INSERT INTO INSCRIPCION VALUES('INS0034','20/01/2013','GES2013','AL029','6PRIM-A','EM002');
INSERT INTO INSCRIPCION VALUES('INS0035','20/01/2013','GES2013','AL030','6PRIM-A','EM002');

INSERT INTO INSCRIPCION VALUES('INS0036','20/01/2013','GES2013','AL031','1SEC-A','EM002');
INSERT INTO INSCRIPCION VALUES('INS0037','20/01/2013','GES2013','AL032','1SEC-A','EM002');
INSERT INTO INSCRIPCION VALUES('INS0038','20/01/2013','GES2013','AL033','1SEC-A','EM002');
INSERT INTO INSCRIPCION VALUES('INS0039','20/01/2013','GES2013','AL034','1SEC-A','EM002');
INSERT INTO INSCRIPCION VALUES('INS0040','20/01/2013','GES2013','AL035','1SEC-A','EM002');

INSERT INTO INSCRIPCION VALUES('INS0041','20/01/2013','GES2013','AL036','2SEC-A','EM002');
INSERT INTO INSCRIPCION VALUES('INS0042','20/01/2013','GES2013','AL037','2SEC-A','EM002');
INSERT INTO INSCRIPCION VALUES('INS0043','20/01/2013','GES2013','AL038','2SEC-A','EM002');
INSERT INTO INSCRIPCION VALUES('INS0044','20/01/2013','GES2013','AL039','2SEC-A','EM002');
INSERT INTO INSCRIPCION VALUES('INS0045','20/01/2013','GES2013','AL040','2SEC-A','EM002');

INSERT INTO INSCRIPCION VALUES('INS0046','20/01/2013','GES2013','AL041','3SEC-A','EM002');
INSERT INTO INSCRIPCION VALUES('INS0047','20/01/2013','GES2013','AL042','3SEC-A','EM002');
INSERT INTO INSCRIPCION VALUES('INS0048','20/01/2013','GES2013','AL043','3SEC-A','EM002');
INSERT INTO INSCRIPCION VALUES('INS0049','20/01/2013','GES2013','AL044','3SEC-A','EM002');
INSERT INTO INSCRIPCION VALUES('INS0050','20/01/2013','GES2013','AL045','3SEC-A','EM002');

INSERT INTO INSCRIPCION VALUES('INS0051','20/01/2013','GES2013','AL046','4SEC-A','EM002');
INSERT INTO INSCRIPCION VALUES('INS0052','20/01/2013','GES2013','AL047','4SEC-A','EM002');
INSERT INTO INSCRIPCION VALUES('INS0053','20/01/2013','GES2013','AL048','4SEC-A','EM002');
INSERT INTO INSCRIPCION VALUES('INS0054','20/01/2013','GES2013','AL049','4SEC-A','EM002');
INSERT INTO INSCRIPCION VALUES('INS0055','20/01/2013','GES2013','AL050','4SEC-A','EM002');

INSERT INTO INSCRIPCION VALUES('INS0056','20/01/2013','GES2013','AL051','5SEC-A','EM002');
INSERT INTO INSCRIPCION VALUES('INS0057','20/01/2013','GES2013','AL052','5SEC-A','EM002');
INSERT INTO INSCRIPCION VALUES('INS0058','20/01/2013','GES2013','AL053','5SEC-A','EM002');
INSERT INTO INSCRIPCION VALUES('INS0059','20/01/2013','GES2013','AL054','5SEC-A','EM002');
INSERT INTO INSCRIPCION VALUES('INS0060','20/01/2013','GES2013','AL055','5SEC-A','EM002');

INSERT INTO INSCRIPCION VALUES('INS0061','20/01/2013','GES2013','AL056','6SEC-A','EM002');
INSERT INTO INSCRIPCION VALUES('INS0062','20/01/2013','GES2013','AL057','6SEC-A','EM002');
INSERT INTO INSCRIPCION VALUES('INS0063','20/01/2013','GES2013','AL058','6SEC-A','EM002');
INSERT INTO INSCRIPCION VALUES('INS0064','20/01/2013','GES2013','AL059','6SEC-A','EM002');
INSERT INTO INSCRIPCION VALUES('INS0065','20/01/2013','GES2013','AL060','6SEC-A','EM002');

SELECT * FROM INSCRIPCION

/*-----------------------------++++++++++ LIBRETA +++++++++++----------------------------*/
SELECT * FROM LIBRETA
SELECT * FROM MATERIA_CURSO

DELETE LIBRETA
----INSERTAR DATOS LIBRETA
INSERT INTO LIBRETA VALUES ('LB0001',2012,'1PRIM','CIE',NULL,54,'EM002','AL001');
INSERT INTO LIBRETA VALUES ('LB0001',2012,'1PRIM','EDU',NULL,54,'EM002','AL001');
INSERT INTO LIBRETA VALUES ('LB0001',2012,'1PRIM','ING',NULL,54,'EM002','AL001');
INSERT INTO LIBRETA VALUES ('LB0001',2012,'1PRIM','LEN',NULL,54,'EM002','AL001');
INSERT INTO LIBRETA VALUES ('LB0001',2012,'1PRIM','MAT',NULL,54,'EM002','AL001');
INSERT INTO LIBRETA VALUES ('LB0001',2012,'1PRIM','MUS',NULL,54,'EM002','AL001');
INSERT INTO LIBRETA VALUES ('LB0001',2012,'1PRIM','REL',NULL,54,'EM002','AL001');
INSERT INTO LIBRETA VALUES ('LB0001',2012,'1PRIM','SOC',NULL,54,'EM002','AL001');


INSERT INTO LIBRETA VALUES ('LB0002',2012,'1PRIM','CIE',NULL,54,'EM002','AL002');
INSERT INTO LIBRETA VALUES ('LB0002',2012,'1PRIM','EDU',NULL,54,'EM002','AL002');
INSERT INTO LIBRETA VALUES ('LB0002',2012,'1PRIM','ING',NULL,54,'EM002','AL002');
INSERT INTO LIBRETA VALUES ('LB0002',2012,'1PRIM','LEN',NULL,54,'EM002','AL002');
INSERT INTO LIBRETA VALUES ('LB0002',2012,'1PRIM','MAT',NULL,54,'EM002','AL002');
INSERT INTO LIBRETA VALUES ('LB0002',2012,'1PRIM','MUS',NULL,54,'EM002','AL002');
INSERT INTO LIBRETA VALUES ('LB0002',2012,'1PRIM','REL',NULL,54,'EM002','AL002');
INSERT INTO LIBRETA VALUES ('LB0002',2012,'1PRIM','SOC',NULL,54,'EM002','AL002');

INSERT INTO LIBRETA VALUES ('LB0003',2012,'1PRIM','CIE',NULL,54,'EM002','AL003');
INSERT INTO LIBRETA VALUES ('LB0003',2012,'1PRIM','EDU',NULL,54,'EM002','AL003');
INSERT INTO LIBRETA VALUES ('LB0003',2012,'1PRIM','ING',NULL,54,'EM002','AL003');
INSERT INTO LIBRETA VALUES ('LB0003',2012,'1PRIM','LEN',NULL,54,'EM002','AL003');
INSERT INTO LIBRETA VALUES ('LB0003',2012,'1PRIM','MAT',NULL,54,'EM002','AL003');
INSERT INTO LIBRETA VALUES ('LB0003',2012,'1PRIM','MUS',NULL,54,'EM002','AL003');
INSERT INTO LIBRETA VALUES ('LB0003',2012,'1PRIM','REL',NULL,54,'EM002','AL003');
INSERT INTO LIBRETA VALUES ('LB0003',2012,'1PRIM','SOC',NULL,54,'EM002','AL003');

INSERT INTO LIBRETA VALUES ('LB0004',2012,'1PRIM','CIE',NULL,54,'EM002','AL004');
INSERT INTO LIBRETA VALUES ('LB0004',2012,'1PRIM','EDU',NULL,54,'EM002','AL004');
INSERT INTO LIBRETA VALUES ('LB0004',2012,'1PRIM','ING',NULL,54,'EM002','AL004');
INSERT INTO LIBRETA VALUES ('LB0004',2012,'1PRIM','LEN',NULL,54,'EM002','AL004');
INSERT INTO LIBRETA VALUES ('LB0004',2012,'1PRIM','MAT',NULL,54,'EM002','AL004');
INSERT INTO LIBRETA VALUES ('LB0004',2012,'1PRIM','MUS',NULL,54,'EM002','AL004');
INSERT INTO LIBRETA VALUES ('LB0004',2012,'1PRIM','REL',NULL,54,'EM002','AL004');
INSERT INTO LIBRETA VALUES ('LB0004',2012,'1PRIM','SOC',NULL,54,'EM002','AL004');

INSERT INTO LIBRETA VALUES ('LB0005',2012,'1PRIM','CIE',NULL,54,'EM002','AL005');
INSERT INTO LIBRETA VALUES ('LB0005',2012,'1PRIM','EDU',NULL,54,'EM002','AL005');
INSERT INTO LIBRETA VALUES ('LB0005',2012,'1PRIM','ING',NULL,54,'EM002','AL005');
INSERT INTO LIBRETA VALUES ('LB0005',2012,'1PRIM','LEN',NULL,54,'EM002','AL005');
INSERT INTO LIBRETA VALUES ('LB0005',2012,'1PRIM','MAT',NULL,54,'EM002','AL005');
INSERT INTO LIBRETA VALUES ('LB0005',2012,'1PRIM','MUS',NULL,54,'EM002','AL005');
INSERT INTO LIBRETA VALUES ('LB0005',2012,'1PRIM','REL',NULL,54,'EM002','AL005');
INSERT INTO LIBRETA VALUES ('LB0005',2012,'1PRIM','SOC',NULL,54,'EM002','AL005');

SELECT * FROM LIBRETA

/*-----------------------------++++++++++ NOTA TRIMESTRAL +++++++++++----------------------------*/
SELECT * FROM BOLETIN_TRIMESTRAL
SELECT * FROM MATERIA_CURSO

DELETE BOLETIN_TRIMESTRAL

INSERT INTO BOLETIN_TRIMESTRAL VALUES ('TRI01','1ER TRIMESTRE','AL001','1PRIM','CIE',54,7,61,'LB0001');
INSERT INTO BOLETIN_TRIMESTRAL VALUES ('TRI01','1ER TRIMESTRE','AL001','1PRIM','EDU',50,7,57,'LB0001');
INSERT INTO BOLETIN_TRIMESTRAL VALUES ('TRI01','1ER TRIMESTRE','AL001','1PRIM','ING',54,6,60,'LB0001');
INSERT INTO BOLETIN_TRIMESTRAL VALUES ('TRI01','1ER TRIMESTRE','AL001','1PRIM','LEN',53,7,60,'LB0001');
INSERT INTO BOLETIN_TRIMESTRAL VALUES ('TRI01','1ER TRIMESTRE','AL001','1PRIM','MAT',44,7,51,'LB0001');
INSERT INTO BOLETIN_TRIMESTRAL VALUES ('TRI01','1ER TRIMESTRE','AL001','1PRIM','MUS',45,8,53,'LB0001');
INSERT INTO BOLETIN_TRIMESTRAL VALUES ('TRI01','1ER TRIMESTRE','AL001','1PRIM','REL',47,7,54,'LB0001');
INSERT INTO BOLETIN_TRIMESTRAL VALUES ('TRI01','1ER TRIMESTRE','AL001','1PRIM','SOC',49,7,56,'LB0001');


INSERT INTO BOLETIN_TRIMESTRAL VALUES ('TRI02','2DO TRIMESTRE','AL001','1PRIM','MAT',54,7,61,'LB0001');
INSERT INTO BOLETIN_TRIMESTRAL VALUES ('TRI02','2DO TRIMESTRE','AL001','1PRIM','LEN',54,7,61,'LB0001');
INSERT INTO BOLETIN_TRIMESTRAL VALUES ('TRI02','2DO TRIMESTRE','AL001','1PRIM','CIE',54,7,61,'LB0001');
INSERT INTO BOLETIN_TRIMESTRAL VALUES ('TRI02','2DO TRIMESTRE','AL001','1PRIM','SOC',54,7,61,'LB0001');
INSERT INTO BOLETIN_TRIMESTRAL VALUES ('TRI02','2DO TRIMESTRE','AL001','1PRIM','MUS',54,7,61,'LB0001');
INSERT INTO BOLETIN_TRIMESTRAL VALUES ('TRI02','2DO TRIMESTRE','AL001','1PRIM','REL',54,7,61,'LB0001');
INSERT INTO BOLETIN_TRIMESTRAL VALUES ('TRI02','2DO TRIMESTRE','AL001','1PRIM','EDU',54,7,61,'LB0001');
INSERT INTO BOLETIN_TRIMESTRAL VALUES ('TRI02','1ER TRIMESTRE','AL001','1PRIM','ING',54,6,60,'LB0001');

INSERT INTO BOLETIN_TRIMESTRAL VALUES ('TRI03','3ER TRIMESTRE','AL001','1PRIM','MAT',54,7,61,'LB0001');
INSERT INTO BOLETIN_TRIMESTRAL VALUES ('TRI03','3ER TRIMESTRE','AL001','1PRIM','LEN',54,7,61,'LB0001');
INSERT INTO BOLETIN_TRIMESTRAL VALUES ('TRI03','3ER TRIMESTRE','AL001','1PRIM','CIE',54,7,61,'LB0001');
INSERT INTO BOLETIN_TRIMESTRAL VALUES ('TRI03','3ER TRIMESTRE','AL001','1PRIM','SOC',54,7,61,'LB0001');
INSERT INTO BOLETIN_TRIMESTRAL VALUES ('TRI03','3ER TRIMESTRE','AL001','1PRIM','MUS',54,7,61,'LB0001');
INSERT INTO BOLETIN_TRIMESTRAL VALUES ('TRI03','3ER TRIMESTRE','AL001','1PRIM','REL',54,7,61,'LB0001');
INSERT INTO BOLETIN_TRIMESTRAL VALUES ('TRI03','3ER TRIMESTRE','AL001','1PRIM','EDU',54,7,61,'LB0001');
INSERT INTO BOLETIN_TRIMESTRAL VALUES ('TRI03','1ER TRIMESTRE','AL001','1PRIM','ING',54,6,60,'LB0001');

/*LAS DE ARRIBA YA ESTAN INSERTADAS, LAS DE ABAJO FALTA AGREGAR LA MATERIA Y EL CURSO*/

INSERT INTO BOLETIN_TRIMESTRAL VALUES ('TRI01','1ER TRIMESTRE',54,7,61,'LB0002');
INSERT INTO BOLETIN_TRIMESTRAL VALUES ('TRI02','2DO TRIMESTRE',50,6,56,'LB0002');
INSERT INTO BOLETIN_TRIMESTRAL VALUES ('TRI03','3ER TRIMESTRE',57,6,63,'LB0002');

INSERT INTO BOLETIN_TRIMESTRAL VALUES ('TRI01','1ER TRIMESTRE',40,7,47,'LB0003');
INSERT INTO BOLETIN_TRIMESTRAL VALUES ('TRI02','2DO TRIMESTRE',54,6,60,'LB0003');
INSERT INTO BOLETIN_TRIMESTRAL VALUES ('TRI03','3ER TRIMESTRE',50,6,56,'LB0003');

INSERT INTO BOLETIN_TRIMESTRAL VALUES ('TRI01','1ER TRIMESTRE',54,7,61,'LB0004');
INSERT INTO BOLETIN_TRIMESTRAL VALUES ('TRI02','2DO TRIMESTRE',60,6,66,'LB0004');
INSERT INTO BOLETIN_TRIMESTRAL VALUES ('TRI03','3ER TRIMESTRE',50,6,56,'LB0004');


INSERT INTO BOLETIN_TRIMESTRAL VALUES ('TRI01','1ER TRIMESTRE',50,7,57,'LB0005');
INSERT INTO BOLETIN_TRIMESTRAL VALUES ('TRI02','2DO TRIMESTRE',48,6,52,'LB0005');
INSERT INTO BOLETIN_TRIMESTRAL VALUES ('TRI03','3ER TRIMESTRE',50,6,56,'LB0005');



/*********************++++++++++++++++++ NOTAS +++++++++++++++++**********************/
SELECT* FROM NOTAS 
SELECT* FROM MATERIA 
SELECT * FROM ALUMNO
SELECT * FROM BOLETIN_TRIMESTRAL
INSERT INTO NOTAS VALUES ('N0001','EXAMEN',50,'03/04/2012','MAT','1PRIM','TRI01','AL001');
INSERT INTO NOTAS VALUES ('N0000','EXAMEN',60,'03/04/2012','MAT','1PRIM','TRI01','AL001');


INSERT INTO NOTAS VALUES ('N0002','PRACTICO',40,'03/04/2012','REL','1PRIM','TRI01','AL001');
INSERT INTO NOTAS VALUES ('N0003','EXPOSICION',55,'03/04/2012','CIE','1PRIM','TRI01','AL001');
INSERT INTO NOTAS VALUES ('N0004','INVESIGACION',43,'03/04/2012','LEN','1PRIM','TRI01','AL001');
INSERT INTO NOTAS VALUES ('N0005','EXAMEN',52,'03/04/2012','ING','1PRIM','TRI01','AL001');
INSERT INTO NOTAS VALUES ('N0006','EXAMEN',63,'03/04/2012','EDU','1PRIM','TRI01','AL001');
INSERT INTO NOTAS VALUES ('N0007','EXAMEN',35,'03/04/2012','MUS','1PRIM','TRI01','AL001');
INSERT INTO NOTAS VALUES ('N0008','EXAMEN',60,'03/04/2012','SOC','1PRIM','TRI01','AL001');

INSERT INTO NOTAS VALUES ('N0009','EXAMEN',53,'03/04/2012','MAT','1PRIM','TRI02','AL001');
INSERT INTO NOTAS VALUES ('N0010','PRACTICO',40,'03/04/2012','REL','1PRIM','TRI02','AL001');
INSERT INTO NOTAS VALUES ('N0011','EXPOSICION',56,'03/04/2012','CIE','1PRIM','TRI02','AL001');
INSERT INTO NOTAS VALUES ('N0012','INVESIGACION',32,'03/04/2012','LEN','1PRIM','TRI02','AL001');
INSERT INTO NOTAS VALUES ('N0013','EXAMEN',45,'03/04/2012','ING','1PRIM','TRI02','AL001');
INSERT INTO NOTAS VALUES ('N0014','EXAMEN',68,'03/04/2012','EDU','1PRIM','TRI02','AL001');
INSERT INTO NOTAS VALUES ('N0015','EXAMEN',48,'03/04/2012','MUS','1PRIM','TRI02','AL001');
INSERT INTO NOTAS VALUES ('N0016','EXAMEN',52,'03/04/2012','SOC','1PRIM','TRI02','AL001');

INSERT INTO NOTAS VALUES ('N0017','EXAMEN',50,'03/04/2012','MAT','1PRIM','TRI03','AL001');
INSERT INTO NOTAS VALUES ('N0018','PRACTICO',50,'03/04/2012','REL','1PRIM','TRI03','AL001');
INSERT INTO NOTAS VALUES ('N0019','EXPOSICION',50,'03/04/2012','CIE','1PRIM','TRI03','AL001');
INSERT INTO NOTAS VALUES ('N0020','INVESIGACION',50,'03/04/2012','LEN','1PRIM','TRI03','AL001');
INSERT INTO NOTAS VALUES ('N0021','EXAMEN',50,'03/04/2012','ING','1PRIM','TRI03','AL001');
INSERT INTO NOTAS VALUES ('N0022','EXAMEN',50,'03/04/2012','EDU','1PRIM','TRI03','AL001');
INSERT INTO NOTAS VALUES ('N0023','EXAMEN',50,'03/04/2012','MUS','1PRIM','TRI03','AL001');
INSERT INTO NOTAS VALUES ('N0024','EXAMEN',50,'03/04/2012','SOC','1PRIM','TRI03','AL001');

----ALUMNO 2
INSERT INTO NOTAS VALUES ('N0025','EXAMEN',50,'03/04/2012','MAT','1PRIM','TRI01','AL002');
INSERT INTO NOTAS VALUES ('N0026','PRACTICO',40,'03/04/2012','REL','1PRIM','TRI01','AL002');
INSERT INTO NOTAS VALUES ('N0027','EXPOSICION',55,'03/04/2012','CIE','1PRIM','TRI01','AL002');
INSERT INTO NOTAS VALUES ('N0028','INVESIGACION',43,'03/04/2012','LEN','1PRIM','TRI01','AL002');
INSERT INTO NOTAS VALUES ('N0029','EXAMEN',52,'03/04/2012','ING','1PRIM','TRI01','AL002');
INSERT INTO NOTAS VALUES ('N0030','EXAMEN',63,'03/04/2012','EDU','1PRIM','TRI01','AL002');
INSERT INTO NOTAS VALUES ('N0031','EXAMEN',35,'03/04/2012','MUS','1PRIM','TRI01','AL002');
INSERT INTO NOTAS VALUES ('N0032','EXAMEN',60,'03/04/2012','SOC','1PRIM','TRI01','AL002');

INSERT INTO NOTAS VALUES ('N0033','EXAMEN',53,'03/04/2012','MAT','1PRIM','TRI02','AL002');
INSERT INTO NOTAS VALUES ('N0034','PRACTICO',40,'03/04/2012','REL','1PRIM','TRI02','AL002');
INSERT INTO NOTAS VALUES ('N0035','EXPOSICION',56,'03/04/2012','CIE','1PRIM','TRI02','AL002');
INSERT INTO NOTAS VALUES ('N0036','INVESIGACION',32,'03/04/2012','LEN','1PRIM','TRI02','AL002');
INSERT INTO NOTAS VALUES ('N0037','EXAMEN',45,'03/04/2012','ING','1PRIM','TRI02','AL002');
INSERT INTO NOTAS VALUES ('N0038','EXAMEN',68,'03/04/2012','EDU','1PRIM','TRI02','AL002');
INSERT INTO NOTAS VALUES ('N0039','EXAMEN',48,'03/04/2012','MUS','1PRIM','TRI02','AL002');
INSERT INTO NOTAS VALUES ('N0040','EXAMEN',52,'03/04/2012','SOC','1PRIM','TRI02','AL002');

INSERT INTO NOTAS VALUES ('N0041','EXAMEN',50,'03/04/2012','MAT','1PRIM','TRI03','AL002');
INSERT INTO NOTAS VALUES ('N0042','PRACTICO',50,'03/04/2012','REL','1PRIM','TRI03','AL002');
INSERT INTO NOTAS VALUES ('N0043','EXPOSICION',50,'03/04/2012','CIE','1PRIM','TRI03','AL002');
INSERT INTO NOTAS VALUES ('N0044','INVESIGACION',50,'03/04/2012','LEN','1PRIM','TRI03','AL002');
INSERT INTO NOTAS VALUES ('N0045','EXAMEN',50,'03/04/2012','ING','1PRIM','TRI03','AL002');
INSERT INTO NOTAS VALUES ('N0046','EXAMEN',50,'03/04/2012','EDU','1PRIM','TRI03','AL002');
INSERT INTO NOTAS VALUES ('N0047','EXAMEN',50,'03/04/2012','MUS','1PRIM','TRI03','AL002');
INSERT INTO NOTAS VALUES ('N0048','EXAMEN',50,'03/04/2012','SOC','1PRIM','TRI03','AL002');

-----INSERTAR NOTAS ALUMNO 3

INSERT INTO NOTAS VALUES ('N0049','EXAMEN',50,'03/04/2012','MAT','1PRIM','TRI01','AL003');
INSERT INTO NOTAS VALUES ('N0050','PRACTICO',40,'03/04/2012','REL','1PRIM','TRI01','AL003');
INSERT INTO NOTAS VALUES ('N0051','EXPOSICION',55,'03/04/2012','CIE','1PRIM','TRI01','AL003');
INSERT INTO NOTAS VALUES ('N0052','INVESIGACION',43,'03/04/2012','LEN','1PRIM','TRI01','AL003');
INSERT INTO NOTAS VALUES ('N0053','EXAMEN',52,'03/04/2012','ING','1PRIM','TRI01','AL003');
INSERT INTO NOTAS VALUES ('N0054','EXAMEN',63,'03/04/2012','EDU','1PRIM','TRI01','AL003');
INSERT INTO NOTAS VALUES ('N0055','EXAMEN',35,'03/04/2012','MUS','1PRIM','TRI01','AL003');
INSERT INTO NOTAS VALUES ('N0056','EXAMEN',60,'03/04/2012','SOC','1PRIM','TRI01','AL003');

INSERT INTO NOTAS VALUES ('N0057','EXAMEN',53,'03/04/2012','MAT','1PRIM','TRI02','AL003');
INSERT INTO NOTAS VALUES ('N0058','PRACTICO',40,'03/04/2012','REL','1PRIM','TRI02','AL003');
INSERT INTO NOTAS VALUES ('N0059','EXPOSICION',56,'03/04/2012','CIE','1PRIM','TRI02','AL003');
INSERT INTO NOTAS VALUES ('N0060','INVESIGACION',32,'03/04/2012','LEN','1PRIM','TRI02','AL003');
INSERT INTO NOTAS VALUES ('N0061','EXAMEN',45,'03/04/2012','ING','1PRIM','TRI02','AL003');
INSERT INTO NOTAS VALUES ('N0062','EXAMEN',68,'03/04/2012','EDU','1PRIM','TRI02','AL003');
INSERT INTO NOTAS VALUES ('N0063','EXAMEN',48,'03/04/2012','MUS','1PRIM','TRI02','AL003');
INSERT INTO NOTAS VALUES ('N0064','EXAMEN',52,'03/04/2012','SOC','1PRIM','TRI02','AL003');

INSERT INTO NOTAS VALUES ('N0065','EXAMEN',50,'03/04/2012','MAT','1PRIM','TRI03','AL003');
INSERT INTO NOTAS VALUES ('N0066','PRACTICO',50,'03/04/2012','REL','1PRIM','TRI03','AL003');
INSERT INTO NOTAS VALUES ('N0067','EXPOSICION',50,'03/04/2012','CIE','1PRIM','TRI03','AL003');
INSERT INTO NOTAS VALUES ('N0068','INVESIGACION',50,'03/04/2012','LEN','1PRIM','TRI03','AL003');
INSERT INTO NOTAS VALUES ('N0069','EXAMEN',50,'03/04/2012','ING','1PRIM','TRI03','AL003');
INSERT INTO NOTAS VALUES ('N0070','EXAMEN',50,'03/04/2012','EDU','1PRIM','TRI03','AL003');
INSERT INTO NOTAS VALUES ('N0071','EXAMEN',50,'03/04/2012','MUS','1PRIM','TRI03','AL003');
INSERT INTO NOTAS VALUES ('N0072','EXAMEN',50,'03/04/2012','SOC','1PRIM','TRI03','AL003');

--INSERTAR DATSO ALUM 4


INSERT INTO NOTAS VALUES ('N0073','EXAMEN',53,'03/04/2012','MAT','1PRIM','TRI01','AL004');
INSERT INTO NOTAS VALUES ('N0074','PRACTICO',40,'03/04/2012','REL','1PRIM','TRI01','AL004');
INSERT INTO NOTAS VALUES ('N0075','EXPOSICION',56,'03/04/2012','CIE','1PRIM','TRI01','AL004');
INSERT INTO NOTAS VALUES ('N0076','INVESIGACION',32,'03/04/2012','LEN','1PRIM','TRI01','AL004');
INSERT INTO NOTAS VALUES ('N0077','EXAMEN',45,'03/04/2012','ING','1PRIM','TRI01','AL004');
INSERT INTO NOTAS VALUES ('N0078','EXAMEN',68,'03/04/2012','EDU','1PRIM','TRI01','AL004');
INSERT INTO NOTAS VALUES ('N0079','EXAMEN',48,'03/04/2012','MUS','1PRIM','TRI01','AL004');
INSERT INTO NOTAS VALUES ('N0080','EXAMEN',52,'03/04/2012','SOC','1PRIM','TRI01','AL004');

INSERT INTO NOTAS VALUES ('N0081','EXAMEN',53,'03/04/2012','MAT','1PRIM','TRI02','AL004');
INSERT INTO NOTAS VALUES ('N0082','PRACTICO',40,'03/04/2012','REL','1PRIM','TRI02','AL004');
INSERT INTO NOTAS VALUES ('N0083','EXPOSICION',56,'03/04/2012','CIE','1PRIM','TRI02','AL004');
INSERT INTO NOTAS VALUES ('N0084','INVESIGACION',32,'03/04/2012','LEN','1PRIM','TRI02','AL004');
INSERT INTO NOTAS VALUES ('N0085','EXAMEN',45,'03/04/2012','ING','1PRIM','TRI02','AL004');
INSERT INTO NOTAS VALUES ('N0086','EXAMEN',68,'03/04/2012','EDU','1PRIM','TRI02','AL004');
INSERT INTO NOTAS VALUES ('N0087','EXAMEN',48,'03/04/2012','MUS','1PRIM','TRI02','AL004');
INSERT INTO NOTAS VALUES ('N0088','EXAMEN',52,'03/04/2012','SOC','1PRIM','TRI02','AL004');

INSERT INTO NOTAS VALUES ('N0089','EXAMEN',53,'03/04/2012','MAT','1PRIM','TRI03','AL004');
INSERT INTO NOTAS VALUES ('N0090','PRACTICO',40,'03/04/2012','REL','1PRIM','TRI03','AL004');
INSERT INTO NOTAS VALUES ('N0091','EXPOSICION',56,'03/04/2012','CIE','1PRIM','TRI03','AL004');
INSERT INTO NOTAS VALUES ('N0092','INVESIGACION',32,'03/04/2012','LEN','1PRIM','TRI03','AL004');
INSERT INTO NOTAS VALUES ('N0093','EXAMEN',45,'03/04/2012','ING','1PRIM','TRI03','AL004');
INSERT INTO NOTAS VALUES ('N0094','EXAMEN',68,'03/04/2012','EDU','1PRIM','TRI03','AL004');
INSERT INTO NOTAS VALUES ('N0095','EXAMEN',48,'03/04/2012','MUS','1PRIM','TRI03','AL004');
INSERT INTO NOTAS VALUES ('N0096','EXAMEN',52,'03/04/2012','SOC','1PRIM','TRI03','AL004');

/*********************++++++++++++++++++ RUDE +++++++++++++++++**********************/
SELECT * FROM RUDE

INSERT INTO RUDE VALUES ('8198062820085601','ALEXANDER VON HUMBOLDT','81980621','51980651','PRIVADA','SANTA CLAUDINA THEVENET','AL001');

